panel,score,is_principal_integrated_score,reference_beta,reference_hc3_se,reference_p,reference_q_across_66,bootstrap_median_beta,bootstrap_95pct_low,bootstrap_95pct_high,direction_stability_probability,fdr_q_below_0_05_probability_across_66,bootstrap_interval_excludes_zero
CP24,CP24_marker_loss_score,False,0.1925152855016274,0.05903549057601554,0.0011557721185663802,0.0015567542821506345,0.19103257263955864,0.07592473796241513,0.30052944784154045,1.0,0.897,True
CP24,CP24_quadrant_shift_score,False,0.17292469266383584,0.05998634453122741,0.004044961172741671,0.004767275667874112,0.17004131367897024,0.0515807820060609,0.285535748918025,0.999,0.8095,True
CP24,CP24_CD27_refined_terminal_score,False,0.17524957922801038,0.06853600753164979,0.010734673430073014,0.012008278752285067,0.17210332434784298,0.04463113786497957,0.30742723567884983,0.996,0.715,True
CP24,CP24_extended_effector_score,False,0.11878397347236927,0.05875606070481283,0.043535685584168045,0.04634443949282405,0.11818047527050979,0.008388292675388638,0.23460915776565647,0.9845,0.506,True
CP24,CP24_PD1_associated_terminal_score,False,0.06464151038995655,0.06946677369849288,0.35236485289994146,0.35236485289994146,0.06506921331184096,-0.07117288875636266,0.1969789534531106,0.826,0.1465,False
CP24,CP24_core_differentiation_score,False,0.1648683827164607,0.05441455545567165,0.002523125755202035,0.0031420056574214027,0.16442764336726687,0.06037049562726901,0.2657027729436598,0.9995,0.8445,True
CP24,CP24_integrated_remodeling_score,True,0.11475494655320861,0.05111616299993586,0.02503369105725999,0.027537060162985984,0.1141720408363569,0.019246888906855615,0.2060727767433454,0.988,0.601,True
CP25,CP25_CD4_composition_depletion_score,False,0.576227338518456,0.05316147628671135,1.1026903437189048e-25,2.4259187561815905e-24,0.5759627216832359,0.4680529543680946,0.6785259170181644,1.0,1.0,True
CP25,CP25_CD45RA_CD27_differentiation_score,False,0.24028897587541156,0.057336034671775206,3.0789242254360757e-05,4.725790671599558e-05,0.23826777967489557,0.13221735257530204,0.3493952384528986,1.0,0.984,True
CP25,CP25_regulatory_like_enrichment_score,False,0.47113734040658095,0.05250377675447388,1.910835089266835e-18,1.5764389486451388e-17,0.4699043729894607,0.3723764317144679,0.5787314099686518,1.0,1.0,True
CP25,CP25_total_checkpoint_regulatory_marker_score,False,0.12432893758655156,0.0393215958525841,0.0016250896096187124,0.00210305714185951,0.12437047763100964,0.0471823372267246,0.19644641753620068,0.999,0.879,True
CP25,CP25_checkpoint_coexpression_score,False,0.20006028715731927,0.0455026993673449,1.2431387473245477e-05,2.0511789330855036e-05,0.20072036685948436,0.10756921411769835,0.2862620283675992,1.0,0.9925,True
CP25,CP25_regulatory_like_checkpoint_enrichment_score,False,0.3982880713988273,0.04855308798674472,8.96406807019119e-16,3.697678078953866e-15,0.39797800530927674,0.3049804930199213,0.4943517521495735,1.0,1.0,True
CP25,CP25_CD39_ICOS_regulatory_axis_score,False,0.23413218798120694,0.04812819412084675,1.3728731690902804e-06,2.356949615940812e-06,0.2317281381161117,0.14283140359105875,0.3306570182539347,1.0,0.9985,True
CP25,CP25_PD1_LAG3_regulatory_axis_score,False,0.2859248341278736,0.05195192328113782,4.969507481306628e-08,9.939014962613255e-08,0.28691196431296373,0.18970238868515332,0.3912206785618354,1.0,1.0,True
CP25,CP25_integrated_CD4_regulatory_checkpoint_remodeling_score,True,0.43964159667282665,0.045645645419892696,7.043948596860021e-21,7.748343456546022e-20,0.4392455922913656,0.3512492074155367,0.5301826051359846,1.0,1.0,True
CP26,CP26_NK_like_composition_depletion_score,False,0.2939541269628319,0.056343070757880157,2.2996814989494343e-07,4.4640876156077254e-07,0.28986180931476063,0.18333496517753872,0.4001717284186058,1.0,0.9995,True
CP26,CP26_CD56_CD16_mature_NK_depletion_score,False,0.48232356708029134,0.07297834511028156,6.937484766271795e-11,1.7610538252843788e-10,0.4829173699298969,0.3469602954555036,0.6213262926565384,1.0,1.0,True
CP26,CP26_NK_receptor_maturation_attenuation_score,False,0.3599352048205588,0.05724884434879137,5.237343007351851e-10,1.2345165660186507e-09,0.3608004415329039,0.24985822887880363,0.4709442745029224,1.0,1.0,True
CP26,CP26_NKG2C_adaptive_like_shift_score,False,0.19864014724239776,0.07490650145385827,0.008159267645697023,0.009284683872689716,0.19909148257062592,0.057085357879072825,0.3442150471235688,0.994,0.745,True
CP26,CP26_integrated_NK_remodeling_score,True,0.3673259921691171,0.046067787410900424,5.1356686333923326e-15,1.993847822375847e-14,0.36759434960566206,0.27965753696352075,0.45208590976503177,1.0,1.0,True
CP28,CP28_T_cell_composition_depletion_score,False,0.3317993823974382,0.06509683497308894,4.281889128232907e-07,8.074419498953482e-07,0.33061730373032194,0.19786426923879097,0.45511878482217766,1.0,0.9985,True
CP28,CP28_CD8_enrichment_within_T_score,False,0.47950165850130666,0.07204003153199409,5.130160846856275e-11,1.3543624635700566e-10,0.47721200637409306,0.33828351329731055,0.618177736816993,1.0,1.0,True
CP28,CP28_CD8_CD45RA_TEMRA_differentiation_score,False,0.18136504806945614,0.055107881138223895,0.00104043519522705,0.0014305983934371936,0.1792111958771578,0.07620527655889921,0.2847443567374385,1.0,0.9025,True
CP28,CP28_CD8_CD57_effector_like_score,False,0.18459549683084917,0.06744812507244556,0.0063366132945940675,0.007337131183214184,0.18429551136309413,0.05715071526462391,0.3119934658905409,0.998,0.7715,True
CP28,CP28_CD8_CD161_attenuation_score,False,0.16181786957491523,0.05403517760607758,0.0028295718612898185,0.0033954862335477823,0.16209970691708514,0.05981849819087445,0.26871369773061304,0.9995,0.844,True
CP28,CP28_Va24_Valpha7_CD8_innate_like_score,False,0.21882953298314864,0.0557153315870947,9.296582903596775e-05,0.00013634988258608605,0.218801984320025,0.10694551943272829,0.3355362830768279,1.0,0.971,True
CP28,CP28_CD56_NK_like_T_score,False,0.09896631661389577,0.06550012024587638,0.1311888086358519,0.13743589476136864,0.09873831418544693,-0.027446580601684305,0.22659675247440092,0.936,0.321,False
CP28,CP28_CD3neg_CD56pos_NK_like_depletion_score,False,0.08013900541553284,0.06107780943269485,0.18985835431531384,0.1957914278876674,0.07823347438572308,-0.03770130782851052,0.193334632382649,0.898,0.25,False
CP28,CP28_integrated_TNK_interface_remodeling_score,True,0.2540608483930616,0.03519679516089046,1.1963528357024148e-12,4.155751955597862e-12,0.2532066676624257,0.18518241808118202,0.32094264977899517,1.0,1.0,True
CP7,CP7_CD8_differentiation_remodeling_score,False,0.2607158366305163,0.039586242516610415,8.044191933470483e-11,1.9663580281816737e-10,0.26042283611279593,0.17990742523761633,0.33360725584496403,1.0,1.0,True
CP7,CP7_CD39_enrichment_score,False,0.23719798465502012,0.05978625078000036,7.897671854897429e-05,0.00011846507782346145,0.23584639378011873,0.11302956178579034,0.3545675833485568,1.0,0.968,True
CP7,CP7_PD1_TIGIT_attenuation_score,False,0.21151982067632535,0.05636430302028522,0.0001871885444561207,0.0002628605092362546,0.21294933981834172,0.10382923195950378,0.32862319025819103,1.0,0.9645,True
CP7,CP7_checkpoint_coexpression_score,False,0.12921813906763635,0.06217327557351053,0.037985648091544436,0.041099225803966105,0.12622784439434676,0.0034431174757668347,0.25608359268681463,0.9785,0.529,True
CP7,CP7_terminal_checkpoint_remodeling_score,False,0.2602543451712971,0.0365998755110219,2.5039385861914e-12,7.869521270887258e-12,0.2593394514676042,0.18742848777344268,0.3290608900971035,1.0,1.0,True
CP7,CP7_integrated_checkpoint_remodeling_score,True,0.35030291848800715,0.04208306451837898,3.515630889302688e-16,1.6573688478141244e-15,0.3498520030220795,0.26586811394017146,0.4290504449609631,1.0,1.0,True
CP8,CP8_CD4_composition_depletion_score,False,0.635532123219594,0.06004816620635435,1.2433400229723535e-24,2.051511037904383e-23,0.6363620548325786,0.5186146741629346,0.7483389542360679,1.0,1.0,True
CP8,CP8_CD4_memory_differentiation_score,False,0.35572553363995635,0.05726054453113629,8.27334148391014e-10,1.8828984066829974e-09,0.35504998685023376,0.2408782016741547,0.46039393753393226,1.0,1.0,True
CP8,CP8_Treg_like_enrichment_score,False,0.40090271729200616,0.03990631367881507,1.7660918380567955e-22,2.33124122623497e-21,0.40035244879372095,0.3256323122272426,0.4802298943902608,1.0,1.0,True
CP8,CP8_CCR6_CCR4_helper_remodeling_score,False,0.38473117291798276,0.0647514781183447,4.1606614431676325e-09,9.153455174968792e-09,0.38463808545297723,0.2578488176811124,0.5131160081311517,1.0,1.0,True
CP8,CP8_Tfh_attenuation_score,False,0.30527331319818996,0.0705176403340801,1.6818480510308738e-05,2.7073651553179922e-05,0.3063552633112303,0.17207770503637274,0.44789124335029634,1.0,0.993,True
CP8,CP8_integrated_CD4_helper_regulatory_remodeling_score,True,0.5277080737486712,0.04061689246993118,3.026257856996297e-35,1.997330185617556e-33,0.528012683815609,0.44848837482122383,0.6050232898692364,1.0,1.0,True
CP22,CP22_B_cell_composition_depletion_score,False,0.31587232752225913,0.06387663857667845,9.227205654226663e-07,1.6916543699415548e-06,0.31574584050633214,0.18424666715219962,0.4395012403196682,1.0,0.9975,True
CP22,CP22_core_switched_memory_repatterning_score,False,0.37782496788310194,0.054377501158097065,7.517603609428515e-12,2.1572253835751388e-11,0.37654446945393394,0.2714448547159432,0.4818950289272734,1.0,1.0,True
CP22,CP22_Ig_isotype_repatterning_score,False,0.38013105234574934,0.04405652292556398,3.1781884104293076e-17,1.9069130462575848e-16,0.3797925449987001,0.2899212603410777,0.46511806899400193,1.0,1.0,True
CP22,CP22_plasmablast_activation_enrichment_score,False,0.3427825080476392,0.06162215346612706,3.592469784348654e-08,7.409468930219098e-08,0.3424330891241834,0.21795783679002556,0.46632433060779477,1.0,0.9995,True
CP22,CP22_transitional_immature_B_enrichment_score,False,0.4582132581786438,0.06575399658370783,6.556277384133503e-12,1.9668832152400508e-11,0.4554118767302984,0.3290498352458541,0.5835416024139957,1.0,1.0,True
CP22,CP22_CD39_regulatory_like_attenuation_score,False,0.21388911267530594,0.0710791901951151,0.0026994531159913707,0.0032993315862116755,0.21209780423691044,0.07210776370024576,0.36117096125906456,0.998,0.831,True
CP22,CP22_integrated_humoral_B_cell_remodeling_score,True,0.4080636680700662,0.03369090653687783,3.421561872209513e-31,1.1291154178291394e-29,0.40639730623699266,0.3395010481198652,0.4724561063469531,1.0,1.0,True
CP10,CP10_granulocyte_like_enrichment_score,False,0.5497525142826107,0.06391996089858999,3.964729512054816e-17,2.0128626753509065e-16,0.5489899252793277,0.4310074826781344,0.6681310913397632,1.0,1.0,True
CP10,CP10_myeloid_granulocytic_to_lymphoid_balance_score,False,0.4788495384644318,0.05459890627031847,1.0099818934168033e-17,6.665880496550902e-17,0.47639559677272475,0.37795204758068995,0.5796990701226675,1.0,1.0,True
CP10,CP10_monocyte_like_HLA_DR_phenotype_remodeling_score,False,0.44918416768513764,0.06274309947558042,1.7988577583615952e-12,5.936230602593264e-12,0.44712653852418754,0.3340750542760056,0.5670539528503233,1.0,1.0,True
CP10,CP10_APC_like_myeloid_enrichment_score,False,0.43404196191392325,0.0650928366918973,4.747601949508683e-11,1.305590536114888e-10,0.43230919648168886,0.3114183310671836,0.5557817905725652,1.0,1.0,True
CP10,CP10_CCR3_eosinophil_like_granulocytic_enrichment_score,False,-0.06925972847588444,0.0663483233363546,0.2968467734725632,0.30141364691060263,-0.07118051766311814,-0.20160920261355708,0.0571468444458089,0.864,0.1795,False
CP10,CP10_integrated_myeloid_granulocytic_remodeling_score,True,0.4936015894631859,0.057359104850461154,3.814716751394726e-17,2.0128626753509065e-16,0.4911343043132639,0.38592704134957917,0.5978115359681235,1.0,1.0,True
CP16,CP16_APC_core_attenuation_score,False,0.214065322200858,0.0693439150012496,0.00208950350443981,0.0026520621402505284,0.21352334834172032,0.07762546176688602,0.35057566840095783,0.9985,0.8635,True
CP16,CP16_CD123_pDC_like_depletion_score,False,0.4200175636696751,0.0555150515807053,1.0306277262032954e-13,3.7789683294120835e-13,0.4175954883582079,0.3106542804287579,0.5270961101769943,1.0,1.0,True
CP16,CP16_CD141_CLEC9A_cDC1_like_depletion_score,False,0.3501399908326164,0.0628077842105002,3.359294117698883e-08,7.1520455409073e-08,0.35051952583623236,0.2239483065527353,0.46977938909240685,1.0,1.0,True
CP16,CP16_CD1c_cDC2_like_depletion_score,False,0.4967597514864298,0.055828613842971865,3.559914230806224e-18,2.6106037692578976e-17,0.49758018801365284,0.3886676933092984,0.6098655505124836,1.0,1.0,True
CP16,CP16_integrated_APC_DC_myeloid_remodeling_score,True,0.44786015403684,0.04706480164464072,1.930734262227008e-20,1.8204065900997503e-19,0.4475746797308998,0.35072018707806346,0.543668316190124,1.0,1.0,True
CP16,CP16_monocyte_HLA_DR_low_remodeling_score,False,0.38823884279587606,0.0472988545051018,8.62160073308203e-16,3.697678078953866e-15,0.38752829184120974,0.29278325739012756,0.4847581966226262,1.0,1.0,True
CP23,CP23_CD45_dump_low_myeloid_enrichment_score,False,0.28804425506619313,0.06794444403753168,2.4946401073073005e-05,3.92014874005433e-05,0.28982310829696023,0.15873402874407275,0.4249864137605104,1.0,0.995,True
CP23,CP23_CD9_CD84_activation_attenuation_score,False,0.2504405744500116,0.06414856329336553,0.00010232174407710056,0.00014680945889323125,0.2502651453576872,0.1288776528362682,0.37355175630912546,1.0,0.975,True
CP23,CP23_FcERI_myeloid_attenuation_score,False,0.2365909208319293,0.07408812634144615,0.0014596289833051423,0.001926710257962788,0.23536251794069862,0.0979479823951496,0.3843308236732493,0.9975,0.8775,True
CP23,CP23_CD33_HLA_DR_myeloid_repatterning_score,False,0.2577869767330775,0.05302254886109397,1.3927429548741162e-06,2.356949615940812e-06,0.2569920694595601,0.15203832753811927,0.35396072786478494,1.0,0.9975,True
CP23,CP23_integrated_monocyte_macrophage_like_myeloid_remodeling_score,True,0.2498002157416761,0.050805809320937347,1.0620018252109126e-06,1.8943816341600063e-06,0.24872715325084213,0.15713843084221565,0.34812631731695043,1.0,0.998,True
