panel_1,panel_2,score_1,score_2,n_pair,spearman_rho,spearman_p,spearman_q,pearson_r,pearson_p,pearson_q,cancer_spearman_rho,healthy_spearman_rho,same_direction_both_strata
CP7,CP8,CP7_integrated_checkpoint_remodeling_score,CP8_integrated_CD4_helper_regulatory_remodeling_score,832,0.2208055327101682,1.20209010546544e-10,2.3519154237367307e-10,0.2478956880010898,4.0715065381918413e-13,1.0777517306978399e-12,0.3064130422416637,0.1180681346544468,True
CP7,CP10,CP7_integrated_checkpoint_remodeling_score,CP10_integrated_myeloid_granulocytic_remodeling_score,832,0.1928385072440528,2.0627330734846827e-08,3.31510672524324e-08,0.2336270859963031,8.894280526535337e-12,1.8192846531549556e-11,0.2488250994818466,0.1456334721846957,True
CP7,CP16,CP7_integrated_checkpoint_remodeling_score,CP16_integrated_APC_DC_myeloid_remodeling_score,829,0.1831226516176417,1.0990350560378029e-07,1.6485525840567045e-07,0.1754910965668105,3.682294522071399e-07,5.671409243638982e-07,0.2022416553396122,0.1843107990912504,True
CP7,CP22,CP7_integrated_checkpoint_remodeling_score,CP22_integrated_humoral_B_cell_remodeling_score,832,0.2158310283291322,3.165584421788066e-10,5.698051959218519e-10,0.2463588553540571,5.730137227628958e-13,1.4325343069072394e-12,0.3004493060033344,0.0598628642540366,True
CP7,CP23,CP7_integrated_checkpoint_remodeling_score,CP23_integrated_monocyte_macrophage_like_myeloid_remodeling_score,832,-0.0104292550121964,0.763886093749574,0.7638860937495741,0.0100490205733001,0.7722526507751524,0.7898038473836785,-0.0033389495054624,0.0049033067079683,False
CP7,CP24,CP7_integrated_checkpoint_remodeling_score,CP24_integrated_remodeling_score,832,0.260662075160528,2.1756984135933312e-14,6.527095240779993e-14,0.2158219137312794,3.1711379334762954e-10,5.708048280257331e-10,0.2887263204212753,0.207667663519773,True
CP7,CP25,CP7_integrated_checkpoint_remodeling_score,CP25_integrated_CD4_regulatory_checkpoint_remodeling_score,832,0.3047401340430646,2.437381267126703e-19,9.971105183700151e-19,0.3153767569732709,1.1404715571848334e-20,5.13212200733175e-20,0.2896937063763432,0.3236076787414278,True
CP7,CP26,CP7_integrated_checkpoint_remodeling_score,CP26_integrated_NK_remodeling_score,832,0.2217067262895161,1.0061712919407363e-10,2.1560813398730062e-10,0.2544077138252332,9.325012324924516e-14,2.797503697477355e-13,0.2464020839166946,0.196220301522765,True
CP7,CP28,CP7_integrated_checkpoint_remodeling_score,CP28_integrated_TNK_interface_remodeling_score,832,0.4662324316007992,3.954894442797434e-46,5.932341664196152e-45,0.4675552280395108,2.0475511922457757e-46,3.071326788368663e-45,0.4921109234976066,0.4350786526713223,True
CP8,CP10,CP8_integrated_CD4_helper_regulatory_remodeling_score,CP10_integrated_myeloid_granulocytic_remodeling_score,832,0.3226539713358267,1.3053758195663984e-21,6.680544325271918e-21,0.3210196883742185,2.134980088469984e-21,1.067490044234992e-20,0.3424099286974896,0.2862364891634932,True
CP8,CP16,CP8_integrated_CD4_helper_regulatory_remodeling_score,CP16_integrated_APC_DC_myeloid_remodeling_score,829,0.2758025967614096,6.146611199672415e-16,2.3049791998771558e-15,0.2236336050631996,7.422074812261069e-11,1.3916390272989503e-10,0.2478993597907129,0.3046963310560895,True
CP8,CP22,CP8_integrated_CD4_helper_regulatory_remodeling_score,CP22_integrated_humoral_B_cell_remodeling_score,832,0.348735891190689,3.3493957991929963e-25,2.153183013766926e-24,0.3051300964108897,2.18334989239832e-19,8.931885923447671e-19,0.3898423740737627,0.3041604301882892,True
CP8,CP23,CP8_integrated_CD4_helper_regulatory_remodeling_score,CP23_integrated_monocyte_macrophage_like_myeloid_remodeling_score,832,0.1729598879262896,5.1860020520639e-07,7.528067494931466e-07,0.1830930939459247,1.0474586957061207e-07,1.6834157609562656e-07,0.1836300387284672,0.1502218579498123,True
CP8,CP24,CP8_integrated_CD4_helper_regulatory_remodeling_score,CP24_integrated_remodeling_score,832,0.2122465273251761,6.269334094570578e-10,1.085077054829523e-09,0.2298005261557988,1.9667020506126436e-11,3.8478953164160405e-11,0.258747631537516,0.1580894567723182,True
CP8,CP25,CP8_integrated_CD4_helper_regulatory_remodeling_score,CP25_integrated_CD4_regulatory_checkpoint_remodeling_score,832,0.4859563653286918,1.590406683643267e-50,3.578415038197351e-49,0.5492301759773653,9.787923062546204e-67,4.404565378145792e-65,0.5360438978901371,0.4254441084801291,True
CP8,CP26,CP8_integrated_CD4_helper_regulatory_remodeling_score,CP26_integrated_NK_remodeling_score,832,0.189492097866639,3.6387553752292704e-08,5.6463445477695586e-08,0.2054693357301212,2.2086642208029623e-09,3.822688074466665e-09,0.2311671496868289,0.1224469538084544,True
CP8,CP28,CP8_integrated_CD4_helper_regulatory_remodeling_score,CP28_integrated_TNK_interface_remodeling_score,832,0.3497350759242881,2.4015447043479747e-25,1.8011585282609813e-24,0.3665244995668814,7.481231933385082e-28,4.809363385747553e-27,0.3905193974462624,0.2968644285802794,True
CP10,CP16,CP10_integrated_myeloid_granulocytic_remodeling_score,CP16_integrated_APC_DC_myeloid_remodeling_score,829,0.0957433552324365,0.0058003779785705,0.0076769708539904,0.1158651563191076,0.0008309911672602,0.0010998412507856,0.0989654127423855,0.0907802120287722,True
CP10,CP22,CP10_integrated_myeloid_granulocytic_remodeling_score,CP22_integrated_humoral_B_cell_remodeling_score,832,0.2169101186711841,2.5709369941000446e-10,4.820506863937583e-10,0.3015129958813469,6.021857373848579e-19,2.2581965151932174e-18,0.2722177836806099,0.0352733345331227,True
CP10,CP23,CP10_integrated_myeloid_granulocytic_remodeling_score,CP23_integrated_monocyte_macrophage_like_myeloid_remodeling_score,832,0.3683891496059684,3.857179483918132e-28,4.3393269194078976e-27,0.4046738677046757,3.978100266347741e-34,4.4753627996412086e-33,0.4262347290823888,0.2744375653765503,True
CP10,CP24,CP10_integrated_myeloid_granulocytic_remodeling_score,CP24_integrated_remodeling_score,832,-0.0689875228069567,0.04666996199505,0.0538499561481346,-0.0395661156818191,0.2542896941702415,0.2724532437538302,-0.0575319400675775,-0.0835810080115925,True
CP10,CP25,CP10_integrated_myeloid_granulocytic_remodeling_score,CP25_integrated_CD4_regulatory_checkpoint_remodeling_score,832,0.1016725421076511,0.0033259605267624,0.0045354007183124,0.0911378272517082,0.008529940880072,0.01066242610009,0.1022172442051342,0.1142510149276714,True
CP10,CP26,CP10_integrated_myeloid_granulocytic_remodeling_score,CP26_integrated_NK_remodeling_score,832,0.3207019617066488,2.3484412646013814e-21,1.0567985690706215e-20,0.397951746138381,5.8338272743660516e-33,5.250444546929447e-32,0.4086989135991491,0.1379946645216385,True
CP10,CP28,CP10_integrated_myeloid_granulocytic_remodeling_score,CP28_integrated_TNK_interface_remodeling_score,832,0.0499578615117249,0.1499416383252712,0.1645700908448099,0.0809374066991993,0.0195479412842514,0.0231488778366136,0.0604816598522717,0.0317805576813062,True
CP16,CP22,CP16_integrated_APC_DC_myeloid_remodeling_score,CP22_integrated_humoral_B_cell_remodeling_score,829,0.2212703965281591,1.1846168221924549e-10,2.3519154237367307e-10,0.1745785304285107,4.240466849523106e-07,6.155516394469024e-07,0.2431905201633477,0.2363629075842536,True
CP16,CP23,CP16_integrated_APC_DC_myeloid_remodeling_score,CP23_integrated_monocyte_macrophage_like_myeloid_remodeling_score,829,0.235950146629419,5.9563305323135515e-12,1.489082633078388e-11,0.2357485148686112,6.214715566769011e-12,1.3983110025230274e-11,0.1938624630642763,0.2704521385647419,True
CP16,CP24,CP16_integrated_APC_DC_myeloid_remodeling_score,CP24_integrated_remodeling_score,829,0.0923062681312126,0.0078283538684802,0.0100650264023316,0.0844520528503252,0.0150052951814232,0.018249683328758,0.0867226678621844,0.1110581147858213,True
CP16,CP25,CP16_integrated_APC_DC_myeloid_remodeling_score,CP25_integrated_CD4_regulatory_checkpoint_remodeling_score,829,0.0818112540369691,0.0184761464000289,0.0230951830000361,0.1205216383730189,0.0005060189048298,0.0006900257793134,0.1006674478017774,0.0696619115729782,True
CP16,CP26,CP16_integrated_APC_DC_myeloid_remodeling_score,CP26_integrated_NK_remodeling_score,829,0.3231301668624464,1.3361088650543836e-21,6.680544325271918e-21,0.3518915890388824,1.4248990711969003e-25,8.015057275482563e-25,0.3390156149623097,0.3055267559843335,True
CP16,CP28,CP16_integrated_APC_DC_myeloid_remodeling_score,CP28_integrated_TNK_interface_remodeling_score,829,0.2653972474573386,7.871327065844707e-15,2.724690138177014e-14,0.2498583317564633,2.894067362713803e-13,8.139564457632569e-13,0.2438106056952609,0.3065343893730157,True
CP22,CP23,CP22_integrated_humoral_B_cell_remodeling_score,CP23_integrated_monocyte_macrophage_like_myeloid_remodeling_score,832,0.1129585269264606,0.0010993853771455,0.0015460106866108,0.1593083430540347,3.878891231636778e-06,5.454690794489218e-06,0.1345116407430962,0.1079895224308127,True
CP22,CP24,CP22_integrated_humoral_B_cell_remodeling_score,CP24_integrated_remodeling_score,832,0.0767694747990837,0.0268074932785565,0.0326037080414877,0.0688362748306675,0.0471543259115938,0.053048616650543,0.0988435774343647,0.0426298649170931,True
CP22,CP25,CP22_integrated_humoral_B_cell_remodeling_score,CP25_integrated_CD4_regulatory_checkpoint_remodeling_score,832,0.2327169690425462,1.0755521903830292e-11,2.5473604509071745e-11,0.1750081168192024,3.780939495759321e-07,5.671409243638982e-07,0.2652938544935554,0.1651901674239266,True
CP22,CP26,CP22_integrated_humoral_B_cell_remodeling_score,CP26_integrated_NK_remodeling_score,832,0.2295220156932531,2.0824936953874527e-11,4.685610814621769e-11,0.2344647459727546,7.461973647396744e-12,1.598994353013588e-11,0.3005096391789844,0.1054271375818125,True
CP22,CP28,CP22_integrated_humoral_B_cell_remodeling_score,CP28_integrated_TNK_interface_remodeling_score,832,0.202652978714396,3.6811331839355903e-09,6.135221973225983e-09,0.1926225310471199,2.14035334296552e-08,3.5672555716092e-08,0.2053796347640932,0.2356186340691925,True
CP23,CP24,CP23_integrated_monocyte_macrophage_like_myeloid_remodeling_score,CP24_integrated_remodeling_score,832,-0.0193329275614716,0.577622712325113,0.6044888849913973,-0.0134484322643689,0.6984997720533922,0.7309881335442476,-0.0598014069667202,0.0541902900993861,False
CP23,CP25,CP23_integrated_monocyte_macrophage_like_myeloid_remodeling_score,CP25_integrated_CD4_regulatory_checkpoint_remodeling_score,832,-0.0107441477007353,0.7569780200783938,0.7638860937495741,0.0059308681213861,0.8643678992694055,0.8643678992694055,-0.0780952772408508,0.1082381091647894,False
CP23,CP26,CP23_integrated_monocyte_macrophage_like_myeloid_remodeling_score,CP26_integrated_NK_remodeling_score,832,0.2637844779678047,1.0367294739831792e-14,3.332344737803076e-14,0.2820294421186408,1.1170042645085783e-16,3.590370850206145e-16,0.3312176108282637,0.1724964475033259,True
CP23,CP28,CP23_integrated_monocyte_macrophage_like_myeloid_remodeling_score,CP28_integrated_TNK_interface_remodeling_score,832,0.0636839365015653,0.0663535397727825,0.0746477322443803,0.0705969183582471,0.0417698901149211,0.0481960270556783,0.0535994207427953,0.0900001037364242,True
CP24,CP25,CP24_integrated_remodeling_score,CP25_integrated_CD4_regulatory_checkpoint_remodeling_score,832,0.2499817477671435,2.550875453197907e-13,6.752317376112107e-13,0.2876762921167294,2.5624907367865825e-17,8.870160242722784e-17,0.2901477465522195,0.1809851324766481,True
CP24,CP26,CP24_integrated_remodeling_score,CP26_integrated_NK_remodeling_score,832,0.0342187902653424,0.3242186997349329,0.3473771782874281,0.059300750485971,0.0873716851210859,0.0958957519621675,0.0462632882534903,-0.0073663330002029,False
CP24,CP28,CP24_integrated_remodeling_score,CP28_integrated_TNK_interface_remodeling_score,832,0.5636147197007101,6.3111526412792535e-71,2.8400186885756645e-69,0.5269077304231602,1.2706495419154954e-60,2.858961469309865e-59,0.6127639163570798,0.4804925557695106,True
CP25,CP26,CP25_integrated_CD4_regulatory_checkpoint_remodeling_score,CP26_integrated_NK_remodeling_score,832,0.0757563925320197,0.0288885720190255,0.0342101510751618,0.1051224454065018,0.0023969810891365,0.0030818328288898,0.1030285859613801,0.0209487619152941,True
CP25,CP28,CP25_integrated_CD4_regulatory_checkpoint_remodeling_score,CP28_integrated_TNK_interface_remodeling_score,832,0.355589562956535,3.3378079420644493e-26,3.0040271478580047e-25,0.3691515418421406,2.938274959105165e-28,2.203706219328874e-27,0.3551192369247842,0.3498331984918437,True
CP26,CP28,CP26_integrated_NK_remodeling_score,CP28_integrated_TNK_interface_remodeling_score,832,0.2561682962549085,6.215107375676614e-14,1.7479989494090472e-13,0.2365901204400619,4.764845032136336e-12,1.1285159286638692e-11,0.2494039162983614,0.2858790267696125,True
