subset,panel,score,immunotype,adjusted_mean,ci95_low,ci95_high,n_model
full,CP7,CP7_integrated_checkpoint_remodeling_score,G1_Naive,-0.1509170463622431,-0.2164309926866287,-0.0854031000378574,829
full,CP7,CP7_integrated_checkpoint_remodeling_score,G2_Primed,-0.0871518997923432,-0.1473315842868009,-0.0269722152978854,829
full,CP7,CP7_integrated_checkpoint_remodeling_score,G3_Progressive,-0.0439988237655975,-0.1194155260411746,0.0314178785099795,829
full,CP7,CP7_integrated_checkpoint_remodeling_score,G4_Chronic,0.2831502061520018,0.1882978958920221,0.3780025164119816,829
full,CP7,CP7_integrated_checkpoint_remodeling_score,G5_Suppressive,0.4276268094949609,0.2841769208673864,0.5710766981225355,829
full,CP8,CP8_integrated_CD4_helper_regulatory_remodeling_score,G1_Naive,-0.4310683532443577,-0.5022128943883537,-0.3599238121003618,829
full,CP8,CP8_integrated_CD4_helper_regulatory_remodeling_score,G2_Primed,-0.0888849849125776,-0.1376698872370815,-0.0401000825880738,829
full,CP8,CP8_integrated_CD4_helper_regulatory_remodeling_score,G3_Progressive,0.2055300070292104,0.1382617930029179,0.272798221055503,829
full,CP8,CP8_integrated_CD4_helper_regulatory_remodeling_score,G4_Chronic,0.2730663555061038,0.152981111690812,0.3931515993213955,829
full,CP8,CP8_integrated_CD4_helper_regulatory_remodeling_score,G5_Suppressive,0.4088472967998674,0.2536025726390692,0.5640920209606656,829
full,CP10,CP10_integrated_myeloid_granulocytic_remodeling_score,G1_Naive,-0.2694726300742134,-0.3676170240713441,-0.1713282360770827,829
full,CP10,CP10_integrated_myeloid_granulocytic_remodeling_score,G2_Primed,-0.1169011661394335,-0.1966158564313442,-0.0371864758475227,829
full,CP10,CP10_integrated_myeloid_granulocytic_remodeling_score,G3_Progressive,0.0761162152318217,-0.0253389858634932,0.1775714163271367,829
full,CP10,CP10_integrated_myeloid_granulocytic_remodeling_score,G4_Chronic,-0.1638121668645847,-0.3001945740741473,-0.0274297596550221,829
full,CP10,CP10_integrated_myeloid_granulocytic_remodeling_score,G5_Suppressive,1.057143110593851,0.830007733868625,1.2842784873190762,829
full,CP16,CP16_integrated_APC_DC_myeloid_remodeling_score,G1_Naive,-0.155614547897314,-0.2476962805179824,-0.0635328152766455,829
full,CP16,CP16_integrated_APC_DC_myeloid_remodeling_score,G2_Primed,-0.0631520415396356,-0.1331763061845905,0.0068722231053193,829
full,CP16,CP16_integrated_APC_DC_myeloid_remodeling_score,G3_Progressive,0.0101258115442289,-0.0669440973311104,0.0871957204195682,829
full,CP16,CP16_integrated_APC_DC_myeloid_remodeling_score,G4_Chronic,0.084818492494004,-0.0451060350106156,0.2147430199986237,829
full,CP16,CP16_integrated_APC_DC_myeloid_remodeling_score,G5_Suppressive,0.4523142333904185,0.2873209488183805,0.6173075179624565,829
full,CP22,CP22_integrated_humoral_B_cell_remodeling_score,G1_Naive,-0.1482140691375787,-0.2005586261281721,-0.0958695121469854,829
full,CP22,CP22_integrated_humoral_B_cell_remodeling_score,G2_Primed,-0.0480276316690344,-0.0969662281789886,0.0009109648409197,829
full,CP22,CP22_integrated_humoral_B_cell_remodeling_score,G3_Progressive,0.0535289223314523,-0.0069960714316267,0.1140539160945314,829
full,CP22,CP22_integrated_humoral_B_cell_remodeling_score,G4_Chronic,0.0945809193907506,-0.0188252418260252,0.2079870806075266,829
full,CP22,CP22_integrated_humoral_B_cell_remodeling_score,G5_Suppressive,0.2508760640474125,0.0901630866725533,0.4115890414222716,829
full,CP23,CP23_integrated_monocyte_macrophage_like_myeloid_remodeling_score,G1_Naive,-0.1181838134663269,-0.2237889819597052,-0.0125786449729485,829
full,CP23,CP23_integrated_monocyte_macrophage_like_myeloid_remodeling_score,G2_Primed,-0.0345511946056041,-0.1056071227983195,0.0365047335871112,829
full,CP23,CP23_integrated_monocyte_macrophage_like_myeloid_remodeling_score,G3_Progressive,0.0319511966246821,-0.0555917669731191,0.1194941602224833,829
full,CP23,CP23_integrated_monocyte_macrophage_like_myeloid_remodeling_score,G4_Chronic,-0.1541756311376149,-0.2981803456655491,-0.0101709166096807,829
full,CP23,CP23_integrated_monocyte_macrophage_like_myeloid_remodeling_score,G5_Suppressive,0.4399197508275283,0.2995230145229864,0.5803164871320702,829
full,CP24,CP24_integrated_remodeling_score,G1_Naive,-0.2236490024812362,-0.3191451097039254,-0.128152895258547,829
full,CP24,CP24_integrated_remodeling_score,G2_Primed,-0.1210797386718742,-0.1828429032984755,-0.0593165740452729,829
full,CP24,CP24_integrated_remodeling_score,G3_Progressive,0.0243954163375762,-0.0701223379890339,0.1189131706641864,829
full,CP24,CP24_integrated_remodeling_score,G4_Chronic,0.6442801471560499,0.5147499638508544,0.7738103304612454,829
full,CP24,CP24_integrated_remodeling_score,G5_Suppressive,0.120238465234635,-0.0551161424018305,0.2955930728711007,829
full,CP25,CP25_integrated_CD4_regulatory_checkpoint_remodeling_score,G1_Naive,-0.3289354644220741,-0.4116970283030838,-0.2461739005410645,829
full,CP25,CP25_integrated_CD4_regulatory_checkpoint_remodeling_score,G2_Primed,-0.0871397085714687,-0.1472289086456758,-0.0270505084972617,829
full,CP25,CP25_integrated_CD4_regulatory_checkpoint_remodeling_score,G3_Progressive,0.2129664484713702,0.1254481600257125,0.3004847369170279,829
full,CP25,CP25_integrated_CD4_regulatory_checkpoint_remodeling_score,G4_Chronic,0.2464716448973599,0.1131104013359337,0.379832888458786,829
full,CP25,CP25_integrated_CD4_regulatory_checkpoint_remodeling_score,G5_Suppressive,0.2388565820637553,0.0184207167067935,0.459292447420717,829
full,CP26,CP26_integrated_NK_remodeling_score,G1_Naive,-0.0938210605142523,-0.1767190992363726,-0.0109230217921319,829
full,CP26,CP26_integrated_NK_remodeling_score,G2_Primed,-0.0779968441891246,-0.1375573848125582,-0.018436303565691,829
full,CP26,CP26_integrated_NK_remodeling_score,G3_Progressive,-0.1163500526835464,-0.1899292298612878,-0.042770875505805,829
full,CP26,CP26_integrated_NK_remodeling_score,G4_Chronic,-0.0037005266241198,-0.134873952345697,0.1274728990974572,829
full,CP26,CP26_integrated_NK_remodeling_score,G5_Suppressive,0.8225206273470916,0.6392961012028848,1.0057451534912984,829
full,CP28,CP28_integrated_TNK_interface_remodeling_score,G1_Naive,-0.1099847809753195,-0.1673168302772338,-0.0526527316734051,829
full,CP28,CP28_integrated_TNK_interface_remodeling_score,G2_Primed,-0.169246261677086,-0.2163945037662729,-0.122098019587899,829
full,CP28,CP28_integrated_TNK_interface_remodeling_score,G3_Progressive,-0.0345039289471247,-0.0874293795805688,0.0184215216863193,829
full,CP28,CP28_integrated_TNK_interface_remodeling_score,G4_Chronic,0.6220642718697357,0.5407867286455456,0.7033418150939258,829
full,CP28,CP28_integrated_TNK_interface_remodeling_score,G5_Suppressive,0.2221143082775281,0.0935300930455294,0.3506985235095269,829
